Date,Close, Volume
1/10/2020,94.34,1452847
1/9/2020,93.88,2141864
1/8/2020,93.41,2245365
1/7/2020,93.69,2608662
1/6/2020,93.67,1253886
1/3/2020,93.36,1939441
1/2/2020,93.46,1627113
12/31/2019,94.51,1366925
12/30/2019,94.03,1544721
12/27/2019,94.19,1014365
12/26/2019,93.88,1154643
12/24/2019,93.84,440061
12/23/2019,93.75,1514761
12/20/2019,94.90,4417110
12/19/2019,93.97,2227515
12/18/2019,93.75,3237338
12/17/2019,93.22,3043378
12/16/2019,93.03,2066373
12/13/2019,92.05,2613729
12/12/2019,91.14,2053072
12/11/2019,92.15,2508674
12/10/2019,91.94,1903448
12/9/2019,91.86,1721145
12/6/2019,92.39,1379329
12/5/2019,92.46,1536480
12/4/2019,92.03,2792353
12/3/2019,90.88,2185322
12/2/2019,90.28,2342288
11/29/2019,91.35,754541
11/27/2019,91.59,1488940
11/26/2019,91.50,2946555
11/25/2019,90.89,2502757
11/22/2019,91.54,2596582
11/21/2019,91.07,1859516
11/20/2019,91.46,2136358
11/19/2019,90.67,3787737
11/18/2019,90.15,2789912
11/15/2019,89.56,3601307
11/14/2019,89.60,2668167
11/13/2019,89.86,4192239
11/12/2019,88.50,1966633
11/11/2019,88.77,2113388
11/8/2019,89.07,3016106
11/7/2019,89.34,4086751
11/6/2019,91.98,2394277
11/5/2019,91.40,2196642
11/4/2019,92.80,2983270
11/1/2019,93.56,1923946
10/31/2019,94.39,2309019
10/30/2019,94.10,1381311
10/29/2019,93.17,2068825
10/28/2019,93.37,2566366
10/25/2019,94.35,2454310
10/24/2019,95.72,2941159
10/23/2019,94.44,2379374
10/22/2019,94.15,2357570
10/21/2019,94.48,2275415
10/18/2019,94.14,2482056
10/17/2019,93.00,1914016
10/16/2019,92.60,2191613
10/15/2019,91.74,1610685
10/14/2019,92.03,1615233
10/11/2019,92.34,1821147
10/10/2019,92.61,1797210
10/9/2019,92.88,1756917
10/8/2019,92.56,2174646
10/7/2019,93.71,2328640
10/4/2019,93.61,2892898
10/3/2019,92.50,2975546
10/2/2019,92.13,3114057
10/1/2019,93.22,2946142
9/30/2019,93.69,2069888
9/27/2019,94.20,2179408
9/26/2019,94.29,3107940
9/25/2019,94.23,2376282
9/24/2019,94.59,2282367
9/23/2019,93.40,2028992
9/20/2019,93.18,3175741
9/19/2019,93.18,1264645
9/18/2019,93.02,2989766
9/17/2019,92.73,2861236
9/16/2019,91.71,2219312
9/13/2019,91.54,2014157
9/12/2019,92.02,1755683
9/11/2019,91.69,2003450
9/10/2019,91.09,3370110
9/9/2019,91.38,3278514
9/6/2019,91.09,1447889
9/5/2019,91.53,2318849
9/4/2019,93.05,1782718
9/3/2019,92.78,2043784
8/30/2019,91.15,2584678
8/29/2019,90.72,1856916
8/28/2019,89.63,4525310
8/27/2019,90.67,1339030
8/26/2019,90.83,1625522
8/23/2019,89.58,2253120
8/22/2019,90.97,1625701
8/21/2019,91.35,1332070
8/20/2019,90.77,1450436
8/19/2019,90.55,1734131
8/16/2019,90.23,2131012
8/15/2019,90.36,2874176
8/14/2019,88.48,4572266
8/13/2019,90.25,1848071
8/12/2019,90.43,1497129
8/9/2019,89.97,1597468
8/8/2019,89.51,3090546
8/7/2019,89.74,1945353
8/6/2019,89.14,2725644
8/5/2019,88.02,2944390
8/2/2019,88.70,1984322
8/1/2019,88.81,3433430
7/31/2019,87.81,2942784
7/30/2019,88.72,1691073
7/29/2019,89.74,1736306
7/26/2019,88.95,2176515
7/25/2019,89.08,2252625
7/24/2019,89.61,2008356
7/23/2019,89.51,1732331
7/22/2019,90.12,1390756
7/19/2019,90.28,1693500
7/18/2019,91.76,1338335
7/17/2019,91.02,1788772
7/16/2019,90.51,1563163
7/15/2019,91.19,1901909
7/12/2019,90.25,1368181
7/11/2019,90.93,1813705
7/10/2019,90.81,1342011
7/9/2019,90.36,1532879
7/8/2019,89.93,1233458
7/5/2019,89.84,1758525
7/3/2019,90.14,1843326
7/2/2019,89.19,2083244
7/1/2019,88.13,2060830
6/28/2019,88.01,3815665
6/27/2019,87.90,3105766
6/26/2019,88.50,2895149
6/25/2019,90.37,2446250
6/24/2019,90.90,2709650
6/21/2019,91.55,3885762
6/20/2019,90.87,2206807
6/19/2019,90.86,2393968
6/18/2019,89.78,2230103
6/17/2019,90.08,1835157
6/14/2019,90.58,1783819
6/13/2019,89.59,1794888
6/12/2019,89.39,1910858
6/11/2019,88.32,1988430
6/10/2019,89.02,1956664
6/7/2019,89.54,2274928
6/6/2019,90.00,1739596
6/5/2019,89.37,2155775
6/4/2019,87.05,1904632
6/3/2019,87.37,2216098
5/31/2019,86.12,2249973
5/30/2019,85.30,2341219
5/29/2019,85.69,2137408
5/28/2019,86.67,2650307
5/24/2019,88.29,1485024
5/23/2019,88.18,2037201
5/22/2019,87.29,1916648
5/21/2019,86.61,1768431
5/20/2019,86.60,2141961
5/17/2019,85.85,2212259
5/16/2019,85.40,1866585
5/15/2019,85.05,2169933
5/14/2019,85.56,2403091
5/13/2019,86.34,3566662
5/10/2019,84.66,2584567
5/9/2019,82.87,2452068
5/8/2019,83.73,3040280
5/7/2019,84.63,1808700
5/6/2019,84.83,1993783
5/3/2019,85.43,1323244
5/2/2019,84.70,1789560
5/1/2019,84.95,2282612
4/30/2019,85.55,2535369
4/29/2019,84.04,1474584
4/26/2019,84.71,1761190
4/25/2019,84.83,2234516
4/24/2019,84.02,2292101
4/23/2019,83.57,2722744
4/22/2019,82.93,2320107
4/18/2019,83.01,2268150
4/17/2019,83.20,2094054
4/16/2019,83.05,2186747
4/15/2019,84.26,2425468
4/12/2019,84.15,2458771
4/11/2019,83.94,2692769
4/10/2019,83.35,1794979
4/9/2019,83.57,1898481
4/8/2019,83.15,3121049
4/5/2019,83.57,2177471
4/4/2019,82.62,2401193
4/3/2019,82.91,2771261
4/2/2019,83.08,3287952
4/1/2019,82.82,4718572
3/29/2019,83.75,4625722
3/28/2019,83.79,4989957
3/27/2019,85.23,3290529
3/26/2019,85.98,2166392
3/25/2019,85.32,2376297
3/22/2019,85.14,3511683
3/21/2019,84.09,3207044
3/20/2019,82.87,3286124
3/19/2019,82.56,3768266
3/18/2019,83.48,3371871
3/15/2019,83.81,9852990
3/14/2019,82.98,2915384
3/13/2019,83.18,1780906
3/12/2019,83.11,2371572
3/11/2019,82.60,3831244
3/8/2019,81.95,1721072
3/7/2019,81.45,2115438
3/6/2019,81.26,1892361
3/5/2019,81.03,2258946
3/4/2019,81.42,3054505
3/1/2019,81.40,2945144
2/28/2019,81.15,2523381
2/27/2019,80.63,1567005
2/26/2019,80.42,2083722
2/25/2019,80.78,3216757
2/22/2019,81.72,1828587
2/21/2019,81.15,1985966
2/20/2019,80.52,2218117
2/19/2019,80.08,2168260
2/15/2019,79.27,2740371
2/14/2019,79.35,2122424
2/13/2019,79.55,2779396
2/12/2019,80.30,2470315
2/11/2019,80.09,3914257
2/8/2019,80.02,1970297
2/7/2019,79.45,1871949
2/6/2019,79.21,1587688
2/5/2019,79.01,2657996
2/4/2019,79.47,2571796
2/1/2019,79.11,2625717
1/31/2019,79.12,5718895
1/30/2019,77.16,2447267
1/29/2019,76.97,2223102
1/28/2019,76.85,2154123
1/25/2019,76.80,2681994
1/24/2019,77.75,2047336
1/23/2019,77.01,2337812
1/22/2019,76.38,2275322
1/18/2019,76.09,2368516
1/17/2019,76.00,1778384
1/16/2019,75.72,2721561
1/15/2019,75.38,2263048
1/14/2019,73.79,2764603
1/11/2019,74.44,2243957
1/10/2019,74.72,2283894
1/9/2019,73.37,3100426
1/8/2019,73.93,3475863
1/7/2019,73.03,3200574
1/4/2019,73.44,2857478
1/3/2019,72.77,3059098
1/2/2019,72.94,2675593
12/31/2018,74.74,2203320
12/28/2018,74.73,2022493
12/27/2018,75.04,2161181
12/26/2018,74.36,2415790
12/24/2018,73.55,1762326
12/21/2018,76.43,6278895
12/20/2018,77.62,3485869
12/19/2018,76.86,2470892
12/18/2018,77.26,2813168
12/17/2018,77.33,3474417
12/14/2018,80.01,2825538
12/13/2018,80.36,1831627
12/12/2018,79.52,3317712
12/11/2018,79.76,2005888
12/10/2018,79.36,2020804
12/7/2018,79.32,2495233
12/6/2018,78.76,3110581
12/4/2018,78.42,3457926
12/3/2018,78.31,2471099
11/30/2018,77.74,2814575
11/29/2018,76.35,2213074
11/28/2018,76.22,2094575
11/27/2018,76.58,1789841
11/26/2018,75.96,1583526
11/23/2018,75.86,915217
11/21/2018,75.65,3341269
11/20/2018,77.82,2694213
11/19/2018,77.43,2673265
11/16/2018,77.02,3309108
11/15/2018,76.79,3031083
11/14/2018,76.13,3578413
11/13/2018,76.43,2859817
11/12/2018,76.20,2181287
11/9/2018,75.32,2419499
11/8/2018,74.17,3465914
11/7/2018,75.13,2781594
11/6/2018,74.45,2662511
11/5/2018,73.50,2188384
11/2/2018,72.69,3049947
11/1/2018,72.97,2902428
10/31/2018,73.36,2711457
10/30/2018,74.29,3254796
10/29/2018,74.04,3011785
10/26/2018,72.74,4161410
10/25/2018,73.54,5291277
10/24/2018,75.56,5070923
10/23/2018,73.44,4869789
10/22/2018,73.15,2471279
10/19/2018,73.26,2637773
10/18/2018,71.68,2028533
10/17/2018,71.72,2607876
10/16/2018,71.70,2692573
10/15/2018,71.02,2092564
10/12/2018,70.90,2851518
10/11/2018,71.22,4732331
10/10/2018,72.70,2985647
10/9/2018,73.05,3227953
10/8/2018,72.85,3168936
10/5/2018,71.87,3521751
10/4/2018,70.56,2174530
10/3/2018,70.22,2514822
10/2/2018,71.35,2909758
10/1/2018,70.90,1785371
9/28/2018,70.88,2740173
9/27/2018,69.76,2300190
9/26/2018,68.97,1927927
9/25/2018,69.81,2516676
9/24/2018,70.64,1796136
9/21/2018,71.40,4316407
9/20/2018,71.08,2065518
9/19/2018,70.98,1976092
9/18/2018,72.43,2099759
9/17/2018,72.80,1706533
9/14/2018,72.60,1850934
9/13/2018,72.97,2193870
9/12/2018,72.51,2162446
9/11/2018,72.98,2095271
9/10/2018,73.40,2474464
9/7/2018,72.68,3028133
9/6/2018,73.33,2105138
9/5/2018,73.24,2105601
9/4/2018,72.26,2150281
8/31/2018,71.73,3099235
8/30/2018,71.81,1722998
8/29/2018,71.70,1702141
8/28/2018,71.11,2020744
8/27/2018,71.16,2166605
8/24/2018,71.55,1625876
8/23/2018,71.36,2406627
8/22/2018,70.74,2671958
8/21/2018,71.65,3703316
8/20/2018,72.18,2276743
8/17/2018,72.50,2134254
8/16/2018,72.34,1802278
8/15/2018,71.77,2352901
8/14/2018,71.02,1174535
8/13/2018,70.94,1999743
8/10/2018,70.85,1795785
8/9/2018,70.98,2021595
8/8/2018,70.93,2039996
8/7/2018,71.24,1781579
8/6/2018,71.27,1622214
8/3/2018,71.18,1563925
8/2/2018,70.49,2404502
8/1/2018,70.30,2172714
7/31/2018,71.14,3214797
7/30/2018,70.40,2004679
7/27/2018,71.14,3276120
7/26/2018,71.04,4758242
7/25/2018,69.38,2581501
7/24/2018,69.06,4200452
7/23/2018,69.44,2753999
7/20/2018,70.41,2440934
7/19/2018,70.64,2051963
7/18/2018,70.24,2561006
7/17/2018,70.44,2411090
7/16/2018,70.42,2367009
7/13/2018,70.35,2432173
7/12/2018,70.38,4186383
7/11/2018,70.75,2810782
7/10/2018,69.78,3829010
7/9/2018,68.87,4301958
7/6/2018,71.56,2315063
7/5/2018,71.13,4157011
7/3/2018,70.50,2132086
7/2/2018,70.05,2211667
6/29/2018,69.25,2941897
6/28/2018,69.34,2174758
6/27/2018,69.85,4191530
6/26/2018,69.30,3362990
6/25/2018,69.03,3936476
6/22/2018,67.35,3244615
6/21/2018,67.47,3129849
6/20/2018,66.90,3062402
6/19/2018,66.87,5873022
6/18/2018,65.46,3214125
6/15/2018,65.05,5315103
6/14/2018,64.62,3694369
6/13/2018,63.46,3491266
6/12/2018,63.57,4867548
6/11/2018,62.93,4323805
6/8/2018,64.11,2090536
6/7/2018,64.15,3025200
6/6/2018,63.81,3976849
6/5/2018,65.29,3215102
6/4/2018,66.05,2205643
6/1/2018,66.68,2789715
5/31/2018,67.95,4301722
5/30/2018,68.00,2942084
5/29/2018,67.62,2758278
5/25/2018,67.22,2039191
5/24/2018,66.84,2442700
5/23/2018,66.47,2819954
5/22/2018,65.44,2319763
5/21/2018,65.09,2764992
5/18/2018,64.93,3145557
5/17/2018,65.22,3186659
5/16/2018,66.15,3652789
5/15/2018,66.81,4595279
5/14/2018,67.11,2843372
5/11/2018,67.16,1541051
5/10/2018,67.02,1909849
5/9/2018,66.27,3535021
5/8/2018,67.25,4786414
5/7/2018,68.78,1961345
5/4/2018,69.39,2238831
5/3/2018,69.24,2346389
5/2/2018,69.19,2669249
5/1/2018,69.44,3027976
4/30/2018,69.98,3047569
4/27/2018,70.55,3005678
4/26/2018,69.77,2279247
4/25/2018,69.09,3066672
4/24/2018,68.88,2022293
4/23/2018,68.44,1847022
4/20/2018,68.46,2634206
4/19/2018,68.52,2460041
4/18/2018,68.73,2031848
4/17/2018,68.86,1682355
4/16/2018,68.27,1537306
4/13/2018,67.34,1831186
4/12/2018,66.64,2565011
4/11/2018,67.79,1791134
4/10/2018,67.87,2183670
4/9/2018,68.71,1936286
4/6/2018,68.53,2301769
4/5/2018,68.94,1977591
4/4/2018,68.67,2075549
4/3/2018,68.45,2551471
4/2/2018,68.28,2808529
3/29/2018,68.59,2238888
3/28/2018,68.66,3270663
3/27/2018,68.43,3384254
3/26/2018,67.31,2917849
3/23/2018,66.39,3111803
3/22/2018,67.36,3137589
3/21/2018,66.91,2805259
3/20/2018,67.45,2489118
3/19/2018,67.45,2591164
3/16/2018,67.81,6399305
3/15/2018,66.99,4176444
3/14/2018,66.59,3115384
3/13/2018,66.04,2989701
3/12/2018,65.87,3176141
3/9/2018,65.65,3307271
3/8/2018,65.30,2288067
3/7/2018,64.92,3049314
3/6/2018,65.50,3319747
3/5/2018,66.49,2720225
3/2/2018,65.18,4256751
3/1/2018,65.62,3559571
2/28/2018,65.58,2935109
2/27/2018,65.95,3678000
2/26/2018,66.97,2088245
2/23/2018,67.37,2401008
2/22/2018,65.68,2530421
2/21/2018,65.58,3569241
2/20/2018,66.37,2750056
2/16/2018,67.26,3359496
2/15/2018,66.68,3816698
2/14/2018,65.30,5755964
2/13/2018,65.58,3859227
2/12/2018,64.80,3449958
2/9/2018,64.72,4747749
2/8/2018,63.38,4438724
2/7/2018,64.45,5921247
2/6/2018,64.91,7860633
2/5/2018,66.48,4090249
2/2/2018,67.75,2791264
2/1/2018,67.84,2942473
1/31/2018,68.78,3746732
1/30/2018,68.35,4215980
1/29/2018,67.90,5793351
1/26/2018,68.75,4891779
1/25/2018,69.70,3721117
1/24/2018,68.48,3514777
1/23/2018,68.77,3888455
1/22/2018,68.13,4622522
1/19/2018,67.76,3216888
1/18/2018,67.80,2693100
1/17/2018,68.25,2932650
1/16/2018,67.50,3995368
1/12/2018,67.46,6646910
1/11/2018,68.73,2794211
1/10/2018,69.50,3978014
1/9/2018,70.58,4323184
1/8/2018,71.42,5715460
1/5/2018,70.80,2967908
1/4/2018,70.95,3392056
1/3/2018,71.80,2235477
1/2/2018,72.41,3016847
12/29/2017,73.57,1415904
12/28/2017,73.65,1614971
12/27/2017,73.24,2156407
12/26/2017,72.99,1077967
12/22/2017,73.65,1801421
12/21/2017,73.74,4431094
12/20/2017,74.50,3630878
12/19/2017,74.51,1684163
12/18/2017,75.50,2489720
12/15/2017,76.54,3894801
12/14/2017,76.29,1942811
12/13/2017,76.51,2297863
12/12/2017,76.02,2106084
12/11/2017,77.08,1670586
12/8/2017,76.93,1459423
12/7/2017,76.61,2041344
12/6/2017,76.73,3732987
12/5/2017,76.27,2630366
12/4/2017,77.39,2558318
12/1/2017,77.24,2034670
11/30/2017,77.63,3201762
11/29/2017,77.14,1568486
11/28/2017,77.02,3039485
11/27/2017,76.74,1526179
11/24/2017,76.47,732613
11/22/2017,76.59,1065307
11/21/2017,76.77,2076704
11/20/2017,76.44,1614572
11/17/2017,76.38,1720924
11/16/2017,76.76,1750115
11/15/2017,76.59,2186889
11/14/2017,77.39,2050465
11/13/2017,76.13,2280237
11/10/2017,74.78,2133526
11/9/2017,75.49,1728666
11/8/2017,75.52,2491151
11/7/2017,75.19,2239030
11/6/2017,73.73,2339837
11/3/2017,74.08,2312121
11/2/2017,73.72,4226106
11/1/2017,74.01,1615143
10/31/2017,74.41,2314021
10/30/2017,74.17,1541411
10/27/2017,74.02,1839285
10/26/2017,73.76,2304065
10/25/2017,73.58,3179483
10/24/2017,73.97,2098392
10/23/2017,73.92,1787316
10/20/2017,73.98,1541865
10/19/2017,73.83,1686174
10/18/2017,73.01,1100482
10/17/2017,73.20,1721930
10/16/2017,73.12,1464747
10/13/2017,73.16,1943775
10/12/2017,73.34,1847660
10/11/2017,72.76,1975080
10/10/2017,72.39,2163631
10/9/2017,71.74,1603280
10/6/2017,71.53,1810636
10/5/2017,71.49,2302078
10/4/2017,71.52,3062589
10/3/2017,70.29,2406049
10/2/2017,70.43,1445572
9/29/2017,70.24,1619040
9/28/2017,70.50,1820056
9/27/2017,70.31,2318736
9/26/2017,71.19,2038850
9/25/2017,71.04,3057100
9/22/2017,70.57,3052203
9/21/2017,71.45,1942660
9/20/2017,71.68,2266303
9/19/2017,71.98,2268915
9/18/2017,72.27,2227006
9/15/2017,73.03,2715891
9/14/2017,72.90,2234162
9/13/2017,72.59,3147683
9/12/2017,73.11,2167350
9/11/2017,74.55,2108618
9/8/2017,74.19,1506983
9/7/2017,73.83,2285962
9/6/2017,73.30,2491944
9/5/2017,74.09,2825112
9/1/2017,73.54,1745598
8/31/2017,73.63,2787413
8/30/2017,73.75,1356829
8/29/2017,73.94,1748926
8/28/2017,74.10,1768144
8/25/2017,73.57,2067781
8/24/2017,73.39,2123034
8/23/2017,73.31,2328395
8/22/2017,72.81,1959054
8/21/2017,72.67,1808285
8/18/2017,72.16,2871369
8/17/2017,72.00,3283493
8/16/2017,72.02,1692359
8/15/2017,71.52,1289303
8/14/2017,71.05,1865185
8/11/2017,70.56,2007613
8/10/2017,71.36,2053450
8/9/2017,70.96,2492179
8/8/2017,71.35,2398048
8/7/2017,71.39,2007009
8/4/2017,70.88,1879494
8/3/2017,71.20,1794562
8/2/2017,70.93,1404966
8/1/2017,70.62,1628987
7/31/2017,70.54,2273638
7/28/2017,70.43,2412841
7/27/2017,70.67,4203297
7/26/2017,69.45,1962823
7/25/2017,68.84,1613529
7/24/2017,69.19,4122162
7/21/2017,69.98,2922302
7/20/2017,68.70,3677037
7/19/2017,68.65,2868002
7/18/2017,68.36,2721383
7/17/2017,68.55,2885095
7/14/2017,68.17,4900453
7/13/2017,68.28,3489141
7/12/2017,68.99,2287799
7/11/2017,68.84,1813889
7/10/2017,68.89,1567668
7/7/2017,69.15,1703719
7/6/2017,69.02,2147834
7/5/2017,68.82,2735687
7/3/2017,69.00,1591950
6/30/2017,69.47,2130174
6/29/2017,69.60,3111891
6/28/2017,70.15,2553902
6/27/2017,70.72,3003735
6/26/2017,71.87,2026068
6/23/2017,71.55,2273674
6/22/2017,71.79,1951054
6/21/2017,72.40,6134947
6/20/2017,72.56,2486587
6/19/2017,72.06,2076334
6/16/2017,72.42,3326390
6/15/2017,72.14,2311527
6/14/2017,71.96,1792199
6/13/2017,71.65,1800358
6/12/2017,71.41,3169359
6/9/2017,71.86,2271681
6/8/2017,71.95,2672248
6/7/2017,72.62,2565318
6/6/2017,72.13,2485933
6/5/2017,72.40,2723224
6/2/2017,72.67,2583695
6/1/2017,72.21,2715088
5/31/2017,71.78,2857305
5/30/2017,71.21,2027888
5/26/2017,70.87,3464774
5/25/2017,70.80,2214239
5/24/2017,70.20,2009067
5/23/2017,69.59,2251938
5/22/2017,69.42,2881486
5/19/2017,68.72,2377568
5/18/2017,68.31,2139887
5/17/2017,68.15,2243927
5/16/2017,67.86,1556720
5/15/2017,68.56,2375652
5/12/2017,68.06,2240122
5/11/2017,67.55,1491189
5/10/2017,67.41,2236261
5/9/2017,67.31,2340668
5/8/2017,67.73,2650883
5/5/2017,68.41,2674788
5/4/2017,68.02,2284967
5/3/2017,67.90,1879033
5/2/2017,68.01,3172017
5/1/2017,67.47,1694436
4/28/2017,67.83,2671288
4/27/2017,68.10,2224981
4/26/2017,67.69,2818481
4/25/2017,67.86,1824482
4/24/2017,67.97,2714533
4/21/2017,67.86,2721113
4/20/2017,67.44,2518348
4/19/2017,67.74,2802215
4/18/2017,67.98,2427455
4/17/2017,67.74,1452586
4/13/2017,67.54,1899033
4/12/2017,67.79,2286721
4/11/2017,67.39,2046600
4/10/2017,67.50,1556690
4/7/2017,67.32,2934580
4/6/2017,67.62,2073761
4/5/2017,67.83,2159364
4/4/2017,67.29,1767622
4/3/2017,67.15,1940709
3/31/2017,67.13,2260376
3/30/2017,67.16,2081137
3/29/2017,67.39,2272428
3/28/2017,67.84,2644782
3/27/2017,67.69,2565454
3/24/2017,67.79,1969462
3/23/2017,67.45,2554492
3/22/2017,67.44,2608543
3/21/2017,66.98,3159620
3/20/2017,66.13,1861478
3/17/2017,66.47,3823566
3/16/2017,66.01,1615280
3/15/2017,66.68,1776023
3/14/2017,65.79,1641890
3/13/2017,65.81,1922007
3/10/2017,65.40,2358634
3/9/2017,64.84,2532275
3/8/2017,65.15,3126137
3/7/2017,66.24,2769998
3/6/2017,66.35,1832269
3/3/2017,66.52,2127375
3/2/2017,66.50,2439228
3/1/2017,66.12,3147106
2/28/2017,66.97,3912044
2/27/2017,66.70,3101295
2/24/2017,67.15,4094073
2/23/2017,66.01,2286647
2/22/2017,65.31,2455852
2/21/2017,64.76,2067071
2/17/2017,64.11,1956203
2/16/2017,63.70,1890265
2/15/2017,63.29,2068013
2/14/2017,63.27,2218831
2/13/2017,63.79,2188701
2/10/2017,63.95,2429795
2/9/2017,63.42,2517027
2/8/2017,63.80,1817031
2/7/2017,63.93,1552842
2/6/2017,63.82,1741371
2/3/2017,64.03,2288855
2/2/2017,63.78,1802748
2/1/2017,63.09,2779623
1/31/2017,64.06,2712250
1/30/2017,63.21,2265025
1/27/2017,62.97,2537346
1/26/2017,62.64,2522206
1/25/2017,62.53,2316302
1/24/2017,62.78,2061077
1/23/2017,62.71,1317786
1/20/2017,62.91,2014964
1/19/2017,62.70,2628114
1/18/2017,63.46,1883858
1/17/2017,63.81,1705804
1/13/2017,63.23,2506564
1/12/2017,63.29,2140233
1/11/2017,63.18,2918425
1/10/2017,62.12,2046802
1/9/2017,62.31,2381905
1/6/2017,63.14,1769888
1/5/2017,63.19,3885023
1/4/2017,62.85,2127187
1/3/2017,62.76,1944255
12/30/2016,62.96,1677202
12/29/2016,63.28,1508331
12/28/2016,62.39,1482612
12/27/2016,63.13,1246457
12/23/2016,63.17,1121643
12/22/2016,63.24,2143081
12/21/2016,62.80,1496141
12/20/2016,63.21,2548967
12/19/2016,62.94,2011464
12/16/2016,62.81,3966166
12/15/2016,62.11,2290629
12/14/2016,61.70,3726056
12/13/2016,62.71,2873947
12/12/2016,61.95,2603002
12/9/2016,60.99,2329394
12/8/2016,60.18,2877443
12/7/2016,60.25,2444672
12/6/2016,59.47,3343439
12/5/2016,59.20,3399977
12/2/2016,58.70,2130017
12/1/2016,58.16,3538452
11/30/2016,59.05,3513191
11/29/2016,61.27,2770373
11/28/2016,60.90,2699356
11/25/2016,59.72,984818
11/23/2016,58.82,2438466
11/22/2016,59.17,4091374
11/21/2016,59.32,2462123
11/18/2016,58.44,2775742
11/17/2016,58.86,2307234
11/16/2016,58.99,2754779
11/15/2016,59.46,3537934
11/14/2016,58.72,7074563
11/11/2016,59.99,3539837
11/10/2016,59.74,5057152
11/9/2016,61.25,3160704
11/8/2016,63.23,2970789
11/7/2016,63.24,3102530
11/4/2016,62.40,2966923
11/3/2016,62.92,2401606
11/2/2016,62.61,3156162
11/1/2016,63.38,4536329
10/31/2016,64.84,4076220
10/28/2016,63.41,2351889
10/27/2016,63.19,2304248
10/26/2016,63.53,2250805
10/25/2016,63.46,2535075
10/24/2016,63.03,1677416
10/21/2016,62.48,1782741
10/20/2016,62.91,1682698
10/19/2016,63.19,2351365
10/18/2016,63.37,2833853
10/17/2016,62.97,2767877
10/14/2016,62.30,2490069
10/13/2016,62.53,3456987
10/12/2016,62.00,2648442
10/11/2016,61.34,2157646
10/10/2016,62.21,1633689
10/7/2016,61.79,3345144
10/6/2016,62.25,3005552
10/5/2016,62.18,3825863
10/4/2016,62.18,3586453
10/3/2016,63.51,2813361
9/30/2016,64.21,4152613
9/29/2016,64.50,3630533
9/28/2016,65.36,2516232
9/27/2016,65.50,2229779
9/26/2016,66.36,1745753
9/23/2016,66.66,2031124
9/22/2016,66.60,2582455
9/21/2016,66.19,3381417
9/20/2016,65.01,2233058
9/19/2016,65.42,2185863
9/16/2016,64.81,3751524
9/15/2016,64.30,2461836
9/14/2016,64.02,2820620
9/13/2016,63.81,3845741
9/12/2016,64.71,2815071
9/9/2016,63.71,3339322
9/8/2016,66.10,1834065
9/7/2016,66.05,1992804
9/6/2016,66.04,2430990
9/2/2016,65.24,2209508
9/1/2016,64.41,2030777
8/31/2016,64.57,3163296
8/30/2016,64.32,3295131
8/29/2016,65.18,2269259
8/26/2016,64.69,3312464
8/25/2016,66.37,1594096
8/24/2016,66.34,1584100
8/23/2016,66.28,1858475
8/22/2016,66.52,1595111
8/19/2016,66.37,2056772
8/18/2016,67.40,3464238
8/17/2016,66.50,3340030
8/16/2016,65.68,2380889
8/15/2016,66.52,1943833
8/12/2016,67.55,1373256
8/11/2016,67.72,2133553
8/10/2016,67.56,1286483
8/9/2016,67.39,1747173
8/8/2016,67.15,1876467
8/5/2016,67.85,3254802
8/4/2016,68.64,1796855
8/3/2016,68.45,1959429
8/2/2016,69.01,1893918
8/1/2016,69.31,1669534
7/29/2016,69.30,2490159
7/28/2016,68.92,2388489
7/27/2016,68.86,3190305
7/26/2016,69.74,2375136
7/25/2016,69.77,1966470
7/22/2016,70.06,2452846
7/21/2016,69.43,3198286
7/20/2016,69.35,1458473
7/19/2016,69.77,1821588
7/18/2016,69.95,1581401
7/15/2016,69.64,2264316
7/14/2016,69.38,2472634
7/13/2016,70.01,2007135
7/12/2016,69.58,2866106
7/11/2016,70.70,2064826
7/8/2016,70.71,2690323
7/7/2016,70.28,2989803
7/6/2016,71.27,2990302
7/5/2016,70.81,1935179
7/1/2016,70.14,2113614
6/30/2016,70.09,2857780
6/29/2016,68.72,2522403
6/28/2016,68.64,2394286
6/27/2016,68.35,3506723
6/24/2016,67.26,4034388
6/23/2016,66.59,1830959
6/22/2016,66.50,1458274
6/21/2016,66.77,1383668
6/20/2016,66.79,2036738
6/17/2016,67.21,2620737
6/16/2016,66.88,2217568
6/15/2016,66.24,2131198
6/14/2016,66.83,2090194
6/13/2016,66.55,2802352
6/10/2016,66.85,1768758
6/9/2016,66.96,1803086
6/8/2016,66.20,1555706
6/7/2016,65.84,2182122
6/6/2016,65.70,1960499
6/3/2016,65.81,2307489
6/2/2016,64.68,1948908
6/1/2016,64.89,1938555
5/31/2016,64.73,3362123
5/27/2016,64.31,2135616
5/26/2016,64.33,3277293
5/25/2016,63.43,2407886
5/24/2016,63.63,2288152
5/23/2016,62.95,2521134
5/20/2016,63.80,2226237
5/19/2016,63.85,2869700
5/18/2016,63.30,4397799
5/17/2016,64.51,3411651
5/16/2016,65.93,2341551
5/13/2016,65.61,2781376
5/12/2016,65.66,2146037
5/11/2016,65.21,2100751
5/10/2016,65.05,2757425
5/9/2016,65.29,3932929
5/6/2016,64.56,3189447
5/5/2016,65.15,2815491
5/4/2016,65.39,3535946
5/3/2016,64.50,4468608
5/2/2016,64.36,5027777
4/29/2016,63.50,2990034
4/28/2016,63.06,5010186
4/27/2016,63.93,3966346
4/26/2016,62.90,1977520
4/25/2016,62.81,2469355
4/22/2016,62.74,3059839
4/21/2016,62.26,4527946
4/20/2016,63.70,4650075
4/19/2016,65.84,2621224
4/18/2016,66.24,1757190
4/15/2016,66.05,1960818
4/14/2016,65.59,1122251
4/13/2016,65.79,1942856
4/12/2016,66.31,1773644
4/11/2016,65.68,1679466
4/8/2016,66.01,2137818
4/7/2016,65.50,1523518
4/6/2016,65.63,2024227
4/5/2016,65.40,2580812
4/4/2016,66.58,1795408
4/1/2016,67.01,2097787
3/31/2016,66.40,2922567
3/30/2016,66.02,2278475
3/29/2016,66.03,3034150
3/28/2016,65.00,3282563
3/24/2016,65.06,3985109
3/23/2016,65.08,3702440
3/22/2016,64.77,2772264
3/21/2016,64.80,2291317
3/18/2016,64.79,5079284
3/17/2016,65.43,2374067
3/16/2016,65.13,2907997
3/15/2016,64.41,1599084
3/14/2016,64.22,1540382
3/11/2016,64.23,2094703
3/10/2016,64.13,1951529
3/9/2016,64.30,2324118
3/8/2016,63.61,2701319
3/7/2016,63.24,2928866
3/4/2016,62.43,3857860
3/3/2016,61.77,3879081
3/2/2016,61.89,2801742
3/1/2016,61.73,2059580
2/29/2016,61.75,3224890
2/26/2016,61.47,3320851
2/25/2016,63.89,1762482
2/24/2016,63.01,1800743
2/23/2016,62.76,1943760
2/22/2016,62.85,2213508
2/19/2016,61.91,2445683
2/18/2016,62.45,2926662
2/17/2016,61.10,3400740
2/16/2016,61.09,3923639
2/12/2016,60.60,3847273
2/11/2016,61.31,3288394
2/10/2016,62.90,4180326
2/9/2016,62.37,3166401
2/8/2016,62.49,4545085
2/5/2016,62.84,4122987
2/4/2016,62.29,4114594
2/3/2016,63.31,4944537
2/2/2016,62.00,4598927
2/1/2016,61.79,5033460
1/29/2016,60.97,4726849
1/28/2016,59.45,4541848
1/27/2016,58.19,3125479
1/26/2016,58.20,3176471
1/25/2016,57.75,3639702
1/22/2016,58.53,3707461
1/21/2016,57.64,3989796
1/20/2016,57.92,4403292
1/19/2016,59.57,3616656
1/15/2016,58.69,3577222
1/14/2016,59.14,4091592
1/13/2016,57.95,3531494
1/12/2016,58.17,4252276
1/11/2016,58.77,2763497
1/8/2016,58.26,2795574
1/7/2016,58.35,3847230
1/6/2016,59.03,3528292
1/5/2016,58.81,3434514
1/4/2016,58.33,4087757
12/31/2015,58.27,2457811
12/30/2015,58.90,1754265
12/29/2015,58.89,3159377
12/28/2015,58.60,2432134
12/24/2015,58.40,1337101
12/23/2015,58.25,3181201
12/22/2015,57.21,2861976
12/21/2015,56.55,3552390
12/18/2015,56.28,5421649
12/17/2015,57.42,4305359
12/16/2015,57.01,3224886
12/15/2015,56.04,4354137
12/14/2015,54.54,4000540
12/11/2015,54.56,2962161
12/10/2015,54.88,3724165
12/9/2015,56.25,2797997
12/8/2015,55.88,2301307
12/7/2015,56.25,2687814
12/4/2015,55.84,2328806
12/3/2015,54.70,3463399
12/2/2015,55.33,2574661
12/1/2015,56.73,3523141
11/30/2015,56.01,4382786
11/27/2015,55.94,1423616
11/25/2015,55.61,2346144
11/24/2015,55.79,2254789
11/23/2015,55.99,2302246
11/20/2015,56.54,4264754
11/19/2015,56.32,3749924
11/18/2015,55.41,4318012
11/17/2015,55.05,2422528
11/16/2015,56.21,2208484
11/13/2015,55.06,2247543
11/12/2015,55.32,2637085
11/11/2015,55.56,2711527
11/10/2015,55.10,2383226
11/9/2015,54.43,3673038
11/6/2015,53.96,5150749
11/5/2015,56.49,2383693
11/4/2015,56.71,2573616
11/3/2015,56.75,2139692
11/2/2015,56.89,2726858
10/30/2015,56.65,2763774
10/29/2015,56.21,3446642
10/28/2015,57.07,2053776
10/27/2015,57.67,2129533
10/26/2015,57.82,2861653
10/23/2015,57.48,4883901
10/22/2015,59.17,4100362
10/21/2015,58.94,3321487
10/20/2015,58.66,3125162
10/19/2015,58.59,2892086
10/16/2015,58.54,3034276
10/15/2015,58.72,2754864
10/14/2015,58.15,3887512
10/13/2015,57.65,2143503
10/12/2015,57.56,2270673
10/9/2015,56.74,2042989
10/8/2015,56.87,3398340
10/7/2015,56.04,4484195
10/6/2015,56.62,3101543
10/5/2015,57.46,3007276
10/2/2015,56.32,5169239
10/1/2015,56.14,4215622
9/30/2015,56.86,2785199
9/29/2015,56.13,2659832
9/28/2015,55.86,2413753
9/25/2015,55.99,2717995
9/24/2015,55.46,3829202
9/23/2015,55.02,1878489
9/22/2015,54.72,3559842
9/21/2015,55.60,2823281
9/18/2015,55.48,3832682
9/17/2015,55.87,5222210
9/16/2015,54.63,4547045
9/15/2015,53.85,2423821
9/14/2015,53.68,2063775
9/11/2015,53.78,1805288
9/10/2015,53.39,2172487
9/9/2015,53.37,2602710
9/8/2015,54.08,3148529
9/4/2015,52.54,2595285
9/3/2015,53.35,2340259
9/2/2015,53.01,2460878
9/1/2015,52.99,3281761
8/31/2015,54.29,3588842
8/28/2015,54.90,2105724
8/27/2015,54.91,2909047
8/26/2015,54.01,4407713
8/25/2015,53.02,4973728
8/24/2015,54.83,5660377
8/21/2015,57.29,3933968
8/20/2015,58.37,1856103
8/19/2015,58.80,2580007
8/18/2015,58.27,1954814
8/17/2015,58.35,2194270
8/14/2015,58.20,1933531
8/13/2015,57.55,1887311
8/12/2015,57.57,2458391
8/11/2015,56.85,2382282
8/10/2015,56.71,2511489
8/7/2015,56.77,2038412
8/6/2015,56.26,2205456
8/5/2015,56.65,2305185
8/4/2015,56.39,2200266
8/3/2015,57.06,2458627
7/31/2015,56.57,2414366
7/30/2015,56.32,1994096
7/29/2015,55.94,2497194
7/28/2015,55.89,2687061
7/27/2015,55.74,2789879
7/24/2015,54.60,3025444
7/23/2015,54.59,3530875
7/22/2015,55.21,3186522
7/21/2015,54.89,2201139
7/20/2015,55.54,2747529
7/17/2015,55.72,2824472
7/16/2015,56.36,2497283
7/15/2015,55.68,2418804
7/14/2015,55.19,1930054
7/13/2015,55.34,2215520
7/10/2015,55.56,2806444
7/9/2015,55.52,3339561
7/8/2015,56.03,2974462
7/7/2015,56.08,4447154
7/6/2015,54.53,3266742
7/2/2015,54.23,2125320
7/1/2015,53.29,2664470
6/30/2015,52.97,3239338
6/29/2015,52.80,2368278
6/26/2015,52.91,2194192
6/25/2015,52.62,1959851
6/24/2015,52.96,2866038
6/23/2015,53.34,2565843
6/22/2015,54.24,1568221
6/19/2015,54.47,2628780
6/18/2015,54.83,2069696
6/17/2015,54.06,2032513
6/16/2015,53.73,2673237
6/15/2015,53.65,1814880
6/12/2015,53.93,1884309
6/11/2015,54.31,2495940
6/10/2015,53.89,3022428
6/9/2015,53.46,2861744
6/8/2015,53.46,2791667
6/5/2015,53.44,3394342
6/4/2015,54.29,3265477
6/3/2015,54.38,2656220
6/2/2015,55.17,2221417
6/1/2015,56.01,2128497
5/29/2015,56.29,3676853
5/28/2015,56.10,2135839
5/27/2015,56.06,2492909
5/26/2015,55.33,2031890
5/22/2015,55.65,1617924
5/21/2015,55.81,2026174
5/20/2015,55.92,1748772
5/19/2015,55.80,1766626
5/18/2015,55.88,1975041
5/15/2015,55.60,2144358
5/14/2015,55.10,2306435
5/13/2015,54.28,2949050
5/12/2015,54.95,2906692
5/11/2015,55.43,1606571
5/8/2015,55.80,2179167
5/7/2015,55.26,2178779
5/6/2015,54.96,2998638
5/5/2015,55.90,4733264
5/4/2015,57.36,2231042
5/1/2015,57.03,2383925
4/30/2015,56.87,3815708
4/29/2015,57.79,4064951
4/28/2015,58.08,3114750
4/27/2015,57.71,3457991
4/24/2015,57.88,4012489
4/23/2015,56.90,2776156
4/22/2015,56.14,2303067
4/21/2015,55.97,1958947
4/20/2015,56.63,2408574
4/17/2015,55.73,1980096
4/16/2015,55.85,2762002
4/15/2015,56.36,2216461
4/14/2015,56.10,1786047
4/13/2015,55.67,1128416
4/10/2015,56.39,1279057
4/9/2015,55.79,1925964
4/8/2015,55.98,2953837
4/7/2015,56.37,1870377
4/6/2015,57.10,1794514
4/2/2015,56.46,2277322
4/1/2015,56.37,3032624
3/31/2015,56.25,3366523
3/30/2015,56.58,1869060
3/27/2015,55.90,2545405
3/26/2015,55.33,3077175
3/25/2015,55.91,5557092
3/24/2015,57.25,1916705
3/23/2015,57.95,1905611
3/20/2015,57.70,3452025
3/19/2015,57.05,2224683
3/18/2015,57.55,3072487
3/17/2015,55.90,2370470
3/16/2015,56.16,1875875
3/13/2015,55.31,2303394
3/12/2015,55.97,2256914
3/11/2015,54.77,2107908
3/10/2015,55.26,2588160
3/9/2015,55.18,2303891
3/6/2015,55.01,3794768
3/5/2015,57.08,2319865
3/4/2015,56.58,3193999
3/3/2015,56.73,2947623
3/2/2015,56.15,2989885
2/27/2015,57.58,2475391
2/26/2015,57.41,3200636
2/25/2015,58.08,3058519
2/24/2015,59.28,2154387
2/23/2015,59.09,2134984
2/20/2015,58.72,3899408
2/19/2015,58.41,2956497
2/18/2015,59.12,3712648
2/17/2015,57.87,4017959
2/13/2015,57.83,3856544
2/12/2015,57.98,3703859
2/11/2015,58.28,2820122
2/10/2015,59.31,3403724
2/9/2015,58.24,3748690
2/6/2015,59.15,4139610
2/5/2015,62.45,2201903
2/4/2015,62.22,3355621
2/3/2015,62.76,3641297
2/2/2015,63.06,3641319
1/30/2015,62.81,3855932
1/29/2015,63.72,3007704
1/28/2015,63.38,3643028
1/27/2015,64.25,2736103
1/26/2015,64.57,1803074
1/23/2015,64.52,2057853
1/22/2015,64.08,1944667
1/21/2015,64.14,2481311
1/20/2015,63.53,2257616
1/16/2015,63.57,2334483
1/15/2015,63.16,2608674
1/14/2015,62.76,2599767
1/13/2015,61.87,2641900
1/12/2015,61.56,2411703
1/9/2015,61.64,2413969
1/8/2015,61.97,2473982
1/7/2015,61.44,2798762
1/6/2015,60.58,4170274
1/5/2015,60.25,2642594
1/2/2015,61.15,2010702
12/31/2014,60.72,1949730
12/30/2014,61.72,2001617
12/29/2014,62.91,2573658
12/26/2014,61.99,2818955
12/24/2014,61.31,1798026
12/23/2014,60.11,1693254
12/22/2014,60.15,1716853
12/19/2014,59.89,3965176
12/18/2014,59.98,2619711
12/17/2014,58.82,2412107
12/16/2014,57.83,2128898
12/15/2014,58.08,2952213
12/12/2014,58.69,3217208
12/11/2014,58.86,2155641
12/10/2014,58.23,2368773
12/9/2014,58.87,3144561
12/8/2014,58.76,3001841
12/5/2014,57.76,1965322
12/4/2014,58.44,2091740
12/3/2014,58.51,2733491
12/2/2014,58.36,2237689
12/1/2014,58.01,2555810
11/28/2014,57.55,1315958
11/26/2014,56.66,2048987
11/25/2014,56.58,2786263
11/24/2014,56.80,2094850
11/21/2014,57.42,2329333
11/20/2014,57.23,2195787
11/19/2014,57.24,2302049
11/18/2014,57.25,2367401
11/17/2014,57.19,2906990
11/14/2014,56.06,2115975
11/13/2014,56.31,2860601
11/12/2014,56.87,3305390
11/11/2014,57.94,2290399
11/10/2014,58.38,2370961
11/7/2014,58.32,1754413
11/6/2014,57.87,4770605
11/5/2014,59.74,4670033
11/4/2014,58.13,2155863
11/3/2014,58.65,2021322
10/31/2014,58.34,3034259
10/30/2014,58.27,3226747
10/29/2014,56.76,2668017
10/28/2014,56.59,3322364
10/27/2014,56.76,3010249
10/24/2014,56.47,2816617
10/23/2014,55.28,4535385
10/22/2014,55.92,3716136
10/21/2014,55.56,2766548
10/20/2014,55.36,2164316
10/17/2014,54.61,3839462
10/16/2014,53.94,3612461
10/15/2014,54.37,4725924
10/14/2014,54.72,3731689
10/13/2014,54.23,2762847
10/10/2014,53.89,2693668
10/9/2014,53.56,3668910
10/8/2014,54.12,2316653
10/7/2014,52.96,2845712
10/6/2014,52.80,1448687
10/3/2014,52.87,2055451
10/2/2014,52.28,2363099
10/1/2014,52.38,2214088
9/30/2014,52.21,2064908
9/29/2014,52.18,2202145
9/26/2014,52.25,1386638
9/25/2014,52.09,1900133
9/24/2014,52.47,2151000
9/23/2014,52.56,2022585
9/22/2014,52.97,1213396
9/19/2014,53.28,2384178
9/18/2014,52.74,1704842
9/17/2014,53.32,2060256
9/16/2014,53.63,2175888
9/15/2014,52.69,1758422
9/12/2014,52.48,2058537
9/11/2014,53.54,2041087
9/10/2014,52.99,2187029
9/9/2014,52.99,2497520
9/8/2014,53.53,1892014
9/5/2014,53.86,2236226
9/4/2014,53.00,2261386
9/3/2014,53.36,1714636
9/2/2014,52.88,2369623
8/29/2014,53.70,1525778
8/28/2014,53.32,1744426
8/27/2014,53.15,2317098
8/26/2014,52.26,1544786
8/25/2014,52.95,1214517
8/22/2014,52.54,2322781
8/21/2014,52.80,2427517
8/20/2014,52.38,2067806
8/19/2014,52.20,2260363
8/18/2014,51.47,2580676
8/15/2014,51.42,2452830
8/14/2014,51.14,2181855
8/13/2014,50.77,2732225
8/12/2014,50.41,2444764
8/11/2014,50.34,1942799
8/8/2014,50.52,2811738
8/7/2014,49.84,2914023
8/6/2014,49.28,5967237
8/5/2014,50.84,2880805
8/4/2014,51.40,5762167
8/1/2014,52.31,2605543
7/31/2014,51.99,2509572
7/30/2014,53.00,2889978
7/29/2014,54.09,2069551
7/28/2014,54.65,2902943
7/25/2014,53.22,3061618
7/24/2014,54.01,2192620
7/23/2014,53.97,1785357
7/22/2014,54.05,1213844
7/21/2014,54.04,2035871
7/18/2014,54.39,1936234
7/17/2014,53.48,2043029
7/16/2014,54.21,2044741
7/15/2014,53.93,2701238
7/14/2014,53.60,3134178
7/11/2014,54.31,1986407
7/10/2014,54.80,2153227
7/9/2014,54.71,2651856
7/8/2014,54.55,3120543
7/7/2014,53.77,2562929
7/3/2014,53.76,2020634
7/2/2014,54.17,2731363
7/1/2014,55.21,1806981
6/30/2014,55.77,2343199
6/27/2014,55.33,2644424
6/26/2014,55.00,2534765
6/25/2014,55.12,2183696
6/24/2014,54.65,1959889
6/23/2014,54.45,1793971
6/20/2014,54.48,2506525
6/19/2014,54.90,3078435
6/18/2014,54.12,3582763
6/17/2014,52.81,1821258
6/16/2014,53.09,2395465
6/13/2014,52.78,1610149
6/12/2014,52.59,2368919
6/11/2014,52.53,2741488
6/10/2014,53.46,2507988
6/9/2014,53.49,2240435
6/6/2014,54.07,1601883
6/5/2014,54.17,2778496
6/4/2014,53.99,2753580
6/3/2014,53.94,4483121
6/2/2014,53.48,2340164
5/30/2014,53.35,2757184
5/29/2014,52.79,3225875
5/28/2014,52.94,3654206
5/27/2014,52.70,5163477
5/23/2014,51.41,1597424
5/22/2014,51.49,1813392
5/21/2014,51.11,1665019
5/20/2014,50.96,3391432
5/19/2014,51.02,4099133
5/16/2014,52.70,3115894
5/15/2014,52.02,2302359
5/14/2014,52.36,2721273
5/13/2014,52.23,2939902
5/12/2014,51.76,3597737
5/9/2014,52.32,3482427
5/8/2014,53.06,3110450
5/7/2014,53.50,3366799
5/6/2014,52.85,2973599
5/5/2014,53.36,2988112
5/2/2014,52.83,3822881
5/1/2014,53.87,3304632
4/30/2014,53.81,3726905
4/29/2014,53.88,4460619
4/28/2014,54.44,4753043
4/25/2014,53.38,4546261
4/24/2014,52.33,4579014
4/23/2014,51.90,3055287
4/22/2014,51.67,2782592
4/21/2014,51.65,2344180
4/17/2014,51.73,2165298
4/16/2014,52.50,2526020
4/15/2014,52.32,3915870
4/14/2014,51.28,2863399
4/11/2014,50.90,3052419
4/10/2014,50.99,3935285
4/9/2014,51.54,3132143
4/8/2014,51.41,2909048
4/7/2014,50.69,2785981
4/4/2014,50.78,2778219
4/3/2014,50.57,1962136
4/2/2014,50.41,2759505
4/1/2014,50.40,3006160
3/31/2014,50.66,3276657
3/28/2014,50.00,2668140
3/27/2014,49.80,4252958
3/26/2014,49.32,2936256
3/25/2014,49.37,4703029
3/24/2014,48.76,4289450
3/21/2014,48.89,5434862
3/20/2014,48.75,3756512
3/19/2014,48.94,4187027
3/18/2014,50.16,2129630
3/17/2014,50.29,2324024
3/14/2014,50.11,1993219
3/13/2014,49.91,2394997
3/12/2014,49.50,2037498
3/11/2014,48.70,3522465
3/10/2014,49.21,2497842
3/7/2014,49.33,2484030
3/6/2014,49.25,2104150
3/5/2014,49.68,2044819
3/4/2014,50.05,2507541
3/3/2014,49.72,2023599
2/28/2014,50.20,2665045
2/27/2014,49.80,2966842
2/26/2014,50.27,2034192
2/25/2014,50.06,2398738
2/24/2014,50.07,2823039
2/21/2014,50.56,2979798
2/20/2014,50.34,3151691
2/19/2014,50.15,2344902
2/18/2014,50.39,3077681
2/14/2014,50.11,2328618
2/13/2014,49.70,2801691
2/12/2014,48.98,2707165
2/11/2014,48.64,2198874
2/10/2014,48.25,3114446
2/7/2014,48.03,2547613
2/6/2014,47.60,3645950
2/5/2014,47.95,3380463
2/4/2014,48.50,4266202
2/3/2014,48.31,5001597
1/31/2014,48.81,4221359
1/30/2014,48.24,2793389
1/29/2014,47.59,3302976
1/28/2014,47.51,2319288
1/27/2014,47.18,3434528
1/24/2014,46.77,3748234
1/23/2014,47.63,3335234
1/22/2014,47.52,2142430
1/21/2014,47.34,1847802
1/17/2014,46.77,2179881
1/16/2014,46.58,1593744
1/15/2014,46.45,1742889
1/14/2014,46.51,2191954
1/13/2014,46.67,2751950
1/10/2014,47.20,2991511
1/9/2014,46.28,1924844
1/8/2014,46.10,2552095
1/7/2014,46.38,1789552
1/6/2014,46.08,2223614
1/3/2014,46.11,2419159
1/2/2014,46.13,2752002
12/31/2013,46.74,1454747
12/30/2013,46.64,1920853
12/27/2013,46.50,1657211
12/26/2013,46.42,1527076
12/24/2013,46.59,602415
12/23/2013,46.41,2466476
12/20/2013,46.72,4407131
12/19/2013,46.38,4386311
12/18/2013,46.51,3410553
12/17/2013,45.82,2334627
12/16/2013,45.97,3333158
12/13/2013,45.80,2180027
12/12/2013,45.89,2805951
12/11/2013,45.78,2954202
12/10/2013,46.16,3488401
12/9/2013,46.72,4209463
12/6/2013,47.10,3607605
12/5/2013,46.48,4218020
12/4/2013,46.86,3559459
12/3/2013,46.87,3170853
12/2/2013,46.63,3557566
11/29/2013,47.06,1519179
11/27/2013,47.07,3276570
11/26/2013,47.44,3647503
11/25/2013,47.55,2935845
11/22/2013,47.70,2622652
11/21/2013,47.63,2524186
11/20/2013,47.51,3390518
11/19/2013,48.01,3682681
11/18/2013,48.32,4476672
11/15/2013,47.84,3113490
11/14/2013,47.59,3672672
11/13/2013,47.32,4503684
11/12/2013,47.37,7700471
11/11/2013,47.10,5700899
11/8/2013,46.25,3783588
11/7/2013,46.25,3239669
11/6/2013,46.74,3400873
11/5/2013,46.57,5175777
11/4/2013,47.19,3914860
11/1/2013,47.04,2989236
10/31/2013,46.84,3948648
10/30/2013,47.10,3836936
10/29/2013,47.27,3176316
10/28/2013,47.30,12238540
10/25/2013,47.28,9816752
10/24/2013,46.72,8961896
10/23/2013,46.52,6063639
10/22/2013,45.24,3655269
10/21/2013,44.64,2406815
10/18/2013,44.82,2688619
10/17/2013,44.63,3592336
10/16/2013,43.77,2531174
10/15/2013,43.48,2292295
10/14/2013,44.07,2827392
10/11/2013,44.27,1890961
10/10/2013,44.14,2682253
10/9/2013,43.68,3545876
10/8/2013,43.49,2698602
10/7/2013,43.14,1767931
10/4/2013,43.34,1707820
10/3/2013,43.33,3108262
10/2/2013,43.88,2358979
10/1/2013,43.72,2163654
9/30/2013,43.35,2429324
9/27/2013,43.44,1803698
9/26/2013,43.64,1724295
9/25/2013,43.79,2153234
9/24/2013,44.21,2428368
9/23/2013,44.33,3713607
9/20/2013,43.73,3950203
9/19/2013,44.67,4187049
9/18/2013,44.81,6238023
9/17/2013,43.20,2611883
9/16/2013,42.82,3007102
9/13/2013,42.62,4836639
9/12/2013,41.92,3227753
9/11/2013,42.21,4358733
9/10/2013,42.89,2129194
9/9/2013,42.67,2010804
9/6/2013,42.56,3384142
9/5/2013,42.14,2250313
9/4/2013,42.21,2316383
9/3/2013,42.16,2556847
8/30/2013,42.80,1940607
8/29/2013,42.69,1719160
8/28/2013,43.01,2068375
8/27/2013,42.77,3319644
8/26/2013,42.65,2297938
8/23/2013,43.16,4323837
8/22/2013,42.69,3055826
8/21/2013,42.37,3476569
8/20/2013,42.82,4814803
8/19/2013,42.68,2623655
8/16/2013,43.31,3008068
8/15/2013,43.78,2388560
8/14/2013,44.37,2791459
8/13/2013,44.31,2176528
8/12/2013,44.69,2688370
8/9/2013,45.00,2556146
8/8/2013,45.52,2114427
8/7/2013,45.47,3127479
8/6/2013,45.79,3404626
8/5/2013,46.39,1623571
8/2/2013,46.58,1887080
8/1/2013,46.55,2983514
7/31/2013,46.35,3230454
7/30/2013,46.55,2368006
7/29/2013,46.70,10545730
7/26/2013,46.47,11332350
7/25/2013,45.81,12943960
7/24/2013,46.38,2502919
7/23/2013,47.10,1704064
7/22/2013,47.09,1336050
7/19/2013,47.14,2696652
7/18/2013,47.22,2457101
7/17/2013,47.09,2041041
7/16/2013,47.23,2637532
7/15/2013,47.50,3097327
7/12/2013,46.55,3189361
7/11/2013,46.24,3857209
7/10/2013,45.42,3458964
7/9/2013,44.57,4153545
7/8/2013,44.57,4108583
7/5/2013,44.28,1872904
7/3/2013,44.46,1147669
7/2/2013,44.48,4815491
7/1/2013,44.47,3251692
6/28/2013,44.78,3285018
6/27/2013,44.48,2815764
6/26/2013,44.60,2735235
6/25/2013,43.91,3179466
6/24/2013,43.57,2795506
6/21/2013,43.78,5150106
6/20/2013,43.19,5733645
6/19/2013,44.79,4245507
6/18/2013,45.90,2853356
6/17/2013,45.57,3556035
6/14/2013,45.51,3945945
6/13/2013,45.92,3011302
6/12/2013,45.20,3535195
6/11/2013,45.36,3272423
6/10/2013,45.91,4701978
6/7/2013,46.15,4548690
6/6/2013,45.67,4674275
6/5/2013,45.61,2828625
6/4/2013,46.05,3282753
6/3/2013,46.14,4676226
5/31/2013,45.82,2810434
5/30/2013,46.09,3593219
5/29/2013,46.19,4280172
5/28/2013,46.56,7232588
5/24/2013,47.71,2110556
5/23/2013,48.28,2908944
5/22/2013,48.59,2939658
5/21/2013,49.36,2032294
5/20/2013,49.47,1751441
5/17/2013,49.64,2243164
5/16/2013,49.05,2228155
5/15/2013,49.41,2862659
5/14/2013,48.87,2484461
5/13/2013,48.67,2768944
5/10/2013,48.82,2691216
5/9/2013,48.83,3444769
5/8/2013,50.12,3170673
5/7/2013,51.07,2567903
5/6/2013,50.46,2611696
5/3/2013,51.08,2821924
5/2/2013,51.17,2164566
5/1/2013,51.23,2669981
4/30/2013,51.43,2640084
4/29/2013,51.31,7913455
4/26/2013,50.54,7131799
4/25/2013,50.76,7200368
4/24/2013,50.90,2751439
4/23/2013,50.64,2659948
4/22/2013,50.37,2396628
4/19/2013,49.94,3047264
4/18/2013,49.48,2263115
4/17/2013,49.37,2681140
4/16/2013,49.54,2412840
4/15/2013,49.07,2259252
4/12/2013,49.98,1685439
4/11/2013,49.93,2405710
4/10/2013,49.64,2556140
4/9/2013,49.00,1680257
4/8/2013,49.23,1892056
4/5/2013,48.71,2239763
4/4/2013,48.66,2086687
4/3/2013,48.10,2125113
4/2/2013,48.34,3029863
4/1/2013,48.50,1561052
3/28/2013,48.63,2807863
3/27/2013,48.15,1819541
3/26/2013,48.03,1380241
3/25/2013,47.66,2029778
3/22/2013,47.86,1548771
3/21/2013,47.63,1926199
3/20/2013,48.06,2084652
3/19/2013,47.70,1847099
3/18/2013,47.69,2019700
3/15/2013,47.90,3268959
3/14/2013,47.68,2229242
3/13/2013,47.44,1359597
3/12/2013,47.29,2003072
3/11/2013,47.38,2171036
3/8/2013,47.49,2299493
3/7/2013,47.39,1690858
3/6/2013,47.66,1985964
3/5/2013,47.66,2806241
3/4/2013,47.46,3662939
3/1/2013,46.71,2980701
2/28/2013,46.79,2456456
2/27/2013,46.66,2200132
2/26/2013,46.33,3965519
2/25/2013,45.68,3086682
2/22/2013,46.18,2171638
2/21/2013,45.36,2481173
2/20/2013,45.57,3319773
2/19/2013,45.56,3398395
2/15/2013,45.13,4385262
2/14/2013,44.77,3665271
2/13/2013,44.93,1324472
2/12/2013,44.90,1695150
2/11/2013,44.73,1372326
2/8/2013,44.57,2312792
2/7/2013,44.50,2004119
2/6/2013,44.58,3153384
2/5/2013,44.85,3095688
2/4/2013,45.00,3576371
2/1/2013,45.24,2374080
1/31/2013,45.29,2426750
1/30/2013,45.11,3018957
1/29/2013,45.02,8931140
1/28/2013,44.49,7392131
1/25/2013,44.46,6943138
1/24/2013,44.19,2274271
1/23/2013,44.10,3530678
1/22/2013,44.02,2295289
1/18/2013,43.51,2346368
1/17/2013,43.20,1902362
1/16/2013,43.12,1566620
1/15/2013,43.16,2187538
1/14/2013,43.24,2047002
1/11/2013,43.24,2849547
1/10/2013,43.55,2070993
1/9/2013,43.16,2064757
1/8/2013,43.15,2517873
1/7/2013,43.37,2361194
1/4/2013,43.55,2679258
1/3/2013,43.62,2355247
1/2/2013,43.65,3979656
12/31/2012,42.68,3288940
12/28/2012,42.21,1726220
12/27/2012,42.64,2377662
12/26/2012,42.79,1760028
12/24/2012,43.20,955343
12/21/2012,43.45,5646575
12/20/2012,43.60,2150269
12/19/2012,43.51,2039024
12/18/2012,43.91,3276280
12/17/2012,43.53,2401145
12/14/2012,42.84,2204238
12/13/2012,42.94,2092864
12/12/2012,43.48,2176335
12/11/2012,43.44,2284765
12/10/2012,43.37,1688630
12/7/2012,43.27,1948453
12/6/2012,43.27,1659135
12/5/2012,43.20,3452617
12/4/2012,42.35,1500181
12/3/2012,42.28,2210252
11/30/2012,42.65,3183869
11/29/2012,42.18,2157525
11/28/2012,41.88,2192005
11/27/2012,41.45,2342712
11/26/2012,41.48,2659095
11/23/2012,41.03,1179370
11/21/2012,40.99,2702538
11/20/2012,41.18,3050747
11/19/2012,41.45,2193658
11/16/2012,41.52,2616278
11/15/2012,40.96,2553820
11/14/2012,41.18,2695064
11/13/2012,41.34,2753894
11/12/2012,41.27,2849898
11/9/2012,41.80,2002337
11/8/2012,42.04,2626261
11/7/2012,42.07,4281503
11/6/2012,43.32,3769932
11/5/2012,43.49,2249270
11/2/2012,44.23,1999769
11/1/2012,44.39,1860614
10/31/2012,44.44,2416282
10/26/2012,43.95,6276729
10/25/2012,43.91,6292562
10/24/2012,43.82,3822554
10/23/2012,44.62,1893207
10/22/2012,44.95,1765897
10/19/2012,44.98,2096703
10/18/2012,45.27,2151168
10/17/2012,45.02,2420454
10/16/2012,44.56,1345424
10/15/2012,44.51,1574766
10/12/2012,44.12,1344232
10/11/2012,44.24,1722839
10/10/2012,44.08,1824426
10/9/2012,44.43,1320403
10/8/2012,44.36,1250538
10/5/2012,44.22,1873928
10/4/2012,44.46,1600024
10/3/2012,44.44,1671288
10/2/2012,44.17,1701269
10/1/2012,43.91,1540270
9/28/2012,43.94,2554123
9/27/2012,43.82,2641282
9/26/2012,44.36,1783177
9/25/2012,44.36,1999179
9/24/2012,44.45,1993915
9/21/2012,44.01,3004959
9/20/2012,43.97,1932793
9/19/2012,43.83,2028452
9/18/2012,43.52,2243675
9/17/2012,43.57,1868654
9/14/2012,43.66,3515943
9/13/2012,43.96,2205061
9/12/2012,43.50,2308499
9/11/2012,43.43,1462082
9/10/2012,43.39,1560423
9/7/2012,43.46,1954854
9/6/2012,43.52,2058277
9/5/2012,42.95,1588378
9/4/2012,43.14,2068734
8/31/2012,42.99,2691000
8/30/2012,42.80,1693111
8/29/2012,42.98,2025151
8/28/2012,42.89,1898053
8/27/2012,42.81,2271472
8/24/2012,42.80,2110865
8/23/2012,42.60,2708523
8/22/2012,42.61,1548630
8/21/2012,42.65,2210622
8/20/2012,43.11,1986474
8/17/2012,43.07,2082014
8/16/2012,43.25,2638663
8/15/2012,43.16,2307109
8/14/2012,43.37,4242215
8/13/2012,43.46,3063263
8/10/2012,43.55,4505686
8/9/2012,43.37,6678304
8/8/2012,42.35,5003363
8/7/2012,42.10,5469074
8/6/2012,42.39,1755005
8/3/2012,42.34,2102932
8/2/2012,41.82,3138706
8/1/2012,42.18,2934698
7/31/2012,42.24,3149702
7/30/2012,42.57,1839557
7/27/2012,42.42,2788832
7/26/2012,41.95,2510649
7/25/2012,41.22,2612327
7/24/2012,41.44,2746888
7/23/2012,41.69,2296037
7/20/2012,41.93,3323263
7/19/2012,42.00,2908206
7/18/2012,41.91,2429899
7/17/2012,41.91,2549600
7/16/2012,41.86,2622865
7/13/2012,41.69,2295464
7/12/2012,41.34,2975794
7/11/2012,41.11,2776357
7/10/2012,41.03,3245988
7/9/2012,40.88,2341046
7/6/2012,40.96,2656616
7/5/2012,41.04,3935977
7/3/2012,41.01,3970493
7/2/2012,40.42,5012294
6/29/2012,39.90,3530055
6/28/2012,39.93,1854360
6/27/2012,39.73,1771990
6/26/2012,39.39,1847546
6/25/2012,39.17,2164378
6/22/2012,39.25,2151496
6/21/2012,39.10,2962004
6/20/2012,39.64,2630153
6/19/2012,40.02,3358532
6/18/2012,40.07,2457480
6/15/2012,39.94,4295498
6/14/2012,39.84,3144535
6/13/2012,39.71,2125161
6/12/2012,39.73,2013897
6/11/2012,39.57,2591080
6/8/2012,39.72,2082772
6/7/2012,39.48,2760159
6/6/2012,39.48,8278216
6/5/2012,38.92,3965287
6/4/2012,38.42,2438757
6/1/2012,38.39,3229630
5/31/2012,38.51,2871616
5/30/2012,38.20,2901849
5/29/2012,38.47,2408597
5/25/2012,38.23,1915554
5/24/2012,37.98,2044535
5/23/2012,37.79,2905687
5/22/2012,38.06,2545780
5/21/2012,37.83,3510516
5/18/2012,37.75,5186183
5/17/2012,37.43,2518245
5/16/2012,37.60,2886718
5/15/2012,37.62,4425793
5/14/2012,38.26,3205733
5/11/2012,38.45,3611390
5/10/2012,38.36,2489386
5/9/2012,38.22,3367096
5/8/2012,38.12,3141257
5/7/2012,38.52,3292502
5/4/2012,38.58,2665378
5/3/2012,38.55,2988316
5/2/2012,38.80,3200523
5/1/2012,38.88,3294204
4/30/2012,38.84,12331240
4/27/2012,38.70,9743623
4/26/2012,38.61,11299280
4/25/2012,38.49,2561708
4/24/2012,38.27,2616369
4/23/2012,38.05,3493856
4/20/2012,38.33,3833911
4/19/2012,37.89,3538928
4/18/2012,38.00,2243795
4/17/2012,37.99,3030293
4/16/2012,37.76,7810718
4/13/2012,37.31,2558530
4/12/2012,37.37,5655612
4/11/2012,37.27,3851987
4/10/2012,37.22,7326049
4/9/2012,37.81,4027778
4/5/2012,37.99,4047117
4/4/2012,38.58,2574656
4/3/2012,38.78,4368192
4/2/2012,38.88,3609298
3/30/2012,38.58,3796760
3/29/2012,38.28,3746873
3/28/2012,38.17,2831110
3/27/2012,38.65,2034370
3/26/2012,38.49,2570482
3/23/2012,38.48,3368606
3/22/2012,38.30,3078475
3/21/2012,38.23,3587812
3/20/2012,38.44,2908975
3/19/2012,38.41,2925103
3/16/2012,38.73,4905185
3/15/2012,38.41,5222796
3/14/2012,38.30,5555862
3/13/2012,39.05,5182075
3/12/2012,38.68,3655520
3/9/2012,38.21,2491603
3/8/2012,38.19,3070726
3/7/2012,38.23,7574171
3/6/2012,38.19,4467433
3/5/2012,38.26,3409738
3/2/2012,37.96,3830354
3/1/2012,37.73,4855546
2/29/2012,37.61,7185314
2/28/2012,37.96,4622069
2/27/2012,38.23,7826900
2/24/2012,37.73,10845150
2/23/2012,37.91,21265700
2/22/2012,39.84,1644779
2/21/2012,39.87,2546339
2/17/2012,39.73,2359361
2/16/2012,39.91,3213393
2/15/2012,39.60,3416144
2/14/2012,39.84,3163177
2/13/2012,39.71,4153551
2/10/2012,39.30,5677173
2/9/2012,39.37,4551061
2/8/2012,39.31,4324959
2/7/2012,39.88,3998213
2/6/2012,39.61,3933446
2/3/2012,39.58,4215985
2/2/2012,39.57,3805363
2/1/2012,39.40,6510704
1/31/2012,39.56,5137485
1/30/2012,39.46,13053380
1/27/2012,39.95,14304950
1/26/2012,41.28,11512200
1/25/2012,41.38,3548112
1/24/2012,40.67,2953456
1/23/2012,40.80,4864105
1/20/2012,41.01,4167497
1/19/2012,41.10,4580974
1/18/2012,41.54,2854460
1/17/2012,41.43,4096205
1/13/2012,41.37,2718766
1/12/2012,41.35,2447597
1/11/2012,41.23,3074233
1/10/2012,41.26,4720993
1/9/2012,40.98,6044453
1/6/2012,40.79,3215198
1/5/2012,40.95,4033574
1/4/2012,40.90,3384457
1/3/2012,40.77,4968175
12/30/2011,41.31,1680722
12/29/2011,41.54,1943526
12/28/2011,41.28,1994206
12/27/2011,41.65,2448218
12/23/2011,41.57,2013946
12/22/2011,41.37,3490510
12/21/2011,40.85,4489914
12/20/2011,39.94,2789342
12/19/2011,39.29,2775410
12/16/2011,39.66,4432325
12/15/2011,39.74,5042195
12/14/2011,38.72,8321169
12/13/2011,39.46,3031798
12/12/2011,39.32,3574362
12/9/2011,39.73,3448931
12/8/2011,39.29,2912030
12/7/2011,39.74,2705255
12/6/2011,39.74,3039672
12/5/2011,39.47,2589458
12/2/2011,39.25,2771545
12/1/2011,39.62,3083140
11/30/2011,39.68,4898945
11/29/2011,38.26,2942748
11/28/2011,37.79,2814955
11/25/2011,37.20,1077676
11/23/2011,37.10,3014919
11/22/2011,37.55,3133400
11/21/2011,38.05,2984867
11/18/2011,38.56,2321171
11/17/2011,38.33,3313707
11/16/2011,38.63,2659881
11/15/2011,39.22,2334029
11/14/2011,39.07,6757627
11/11/2011,39.52,2369226
11/10/2011,38.84,3422177
11/9/2011,38.43,4187918
11/8/2011,39.20,4783619
11/7/2011,39.76,3686320
11/4/2011,39.70,4810840
11/3/2011,39.87,12000660
11/2/2011,39.35,4488930
11/1/2011,38.71,4890100
10/31/2011,39.28,4444336
10/28/2011,39.42,3776008
10/27/2011,39.72,4091979
10/26/2011,38.80,3758383
10/25/2011,38.65,4254506
10/24/2011,39.05,3259546
10/21/2011,39.13,3683885
10/20/2011,38.96,2704171
10/19/2011,38.47,3563053
10/18/2011,38.56,3764938
10/17/2011,38.31,1931079
10/14/2011,38.66,2256598
10/13/2011,38.31,1922710
10/12/2011,38.21,2765201
10/11/2011,38.30,2100586
10/10/2011,38.58,2321518
10/7/2011,37.74,3519908
10/6/2011,37.62,3169073
10/5/2011,37.04,4440407
10/4/2011,36.66,7305953
10/3/2011,37.15,4425639
9/30/2011,38.02,3386782
9/29/2011,38.47,8263839
9/28/2011,37.70,3289912
9/27/2011,37.90,3524400
9/26/2011,37.77,3431033
9/23/2011,37.45,4620836
9/22/2011,37.08,5705836
9/21/2011,37.45,4198784
9/20/2011,38.31,3662586
9/19/2011,37.53,3574345
9/16/2011,37.52,6578981
9/15/2011,37.64,3359635
9/14/2011,37.46,4160689
9/13/2011,37.13,4458957
9/12/2011,37.12,4471142
9/9/2011,36.80,7627323
9/8/2011,37.69,5859274
9/7/2011,38.24,5119142
9/6/2011,38.13,5484205
9/2/2011,37.98,2356632
9/1/2011,38.37,3513681
8/31/2011,38.63,3652104
8/30/2011,38.45,3145299
8/29/2011,38.25,2656698
8/26/2011,37.56,3132600
8/25/2011,37.59,4418888
8/24/2011,38.21,3965721
8/23/2011,37.54,3647711
8/22/2011,37.04,3597500
8/19/2011,37.06,5129652
8/18/2011,37.26,5282727
8/17/2011,37.83,5220781
8/16/2011,37.19,4950230
8/15/2011,37.49,6734969
8/12/2011,35.76,4873646
8/11/2011,35.77,5852237
8/10/2011,34.27,5952231
8/9/2011,35.06,8304861
8/8/2011,33.91,7657594
8/5/2011,36.24,8559671
8/4/2011,36.03,5180272
8/3/2011,37.12,5776443
8/2/2011,37.12,7069081
8/1/2011,37.85,8901432
7/29/2011,36.86,10784630
7/28/2011,37.16,10072990
7/27/2011,37.69,3723391
7/26/2011,37.70,2924184
7/25/2011,37.74,2618201
7/22/2011,37.71,2163584
7/21/2011,38.02,3334165
7/20/2011,37.60,2154762
7/19/2011,37.39,3086669
7/18/2011,37.11,3031317
7/15/2011,37.48,3716644
7/14/2011,37.57,3217957
7/13/2011,37.97,2488584
7/12/2011,38.16,2818313
7/11/2011,37.92,2570141
7/8/2011,38.35,2751910
7/7/2011,38.52,2922305
7/6/2011,38.50,4145554
7/5/2011,38.51,7510733
7/1/2011,38.18,2489984
6/30/2011,37.68,2539817
6/29/2011,37.57,2604595
6/28/2011,37.43,2634997
6/27/2011,37.30,2754366
6/24/2011,37.10,3810694
6/23/2011,37.30,3101283
6/22/2011,37.58,2265011
6/21/2011,37.88,2653155
6/20/2011,37.91,5781373
6/17/2011,37.64,4122579
6/16/2011,37.35,2806709
6/15/2011,36.93,2571951
6/14/2011,37.32,2754693
6/13/2011,37.13,2562124
6/10/2011,37.12,3659470
6/9/2011,37.46,2897579
6/8/2011,37.66,3093628
6/7/2011,37.57,3081791
6/6/2011,37.58,3395599
6/3/2011,37.51,4333888
6/2/2011,37.97,2633665
6/1/2011,38.02,3038920
5/31/2011,38.20,4694942
5/27/2011,38.32,3122313
5/26/2011,38.37,2882553
5/25/2011,38.53,5014282
5/24/2011,38.85,5723051
5/23/2011,38.39,3944015
5/20/2011,38.55,3600832
5/19/2011,38.48,3651640
5/18/2011,38.74,3735432
5/17/2011,38.85,7624681
5/16/2011,37.72,4279744
5/13/2011,37.58,3456182
5/12/2011,37.63,7726868
5/11/2011,36.86,2690555
5/10/2011,36.85,4297331
5/9/2011,36.48,2511448
5/6/2011,36.33,4011828
5/5/2011,36.66,3762821
5/4/2011,36.64,8378077
5/3/2011,36.95,3701329
5/2/2011,36.54,4209579
4/29/2011,36.48,2207256
4/28/2011,36.38,3856390
4/27/2011,36.23,3745762
4/26/2011,35.88,2513292
4/25/2011,35.59,1694602
4/21/2011,35.49,2192933
4/20/2011,35.53,3357538
4/19/2011,35.13,2986342
4/18/2011,35.31,2889348
4/15/2011,35.46,3944017
4/14/2011,35.17,2408618
4/13/2011,34.92,3957798
4/12/2011,34.59,4659506
4/11/2011,34.78,4096054
4/8/2011,35.31,2292779
4/7/2011,35.47,1763052
4/6/2011,35.57,2505520
4/5/2011,35.30,1563251
4/4/2011,35.45,2249029
4/1/2011,35.52,2388967
3/31/2011,35.14,3468153
3/30/2011,35.50,2973212
3/29/2011,35.10,3636088
3/28/2011,34.69,2672154
3/25/2011,34.71,2032993
3/24/2011,34.81,3247670
3/23/2011,34.50,4965481
3/22/2011,34.16,5763558
3/21/2011,34.06,5439718
3/18/2011,33.81,7616667
3/17/2011,33.60,10064760
3/16/2011,34.26,6058473
3/15/2011,34.92,3530235
3/14/2011,35.34,6086861
3/11/2011,35.81,2535744
3/10/2011,35.75,2692563
3/9/2011,36.30,3274794
3/8/2011,35.98,2122816
3/7/2011,35.61,2489775
3/4/2011,35.33,3230201
3/3/2011,35.96,1719364
3/2/2011,35.59,2323492
3/1/2011,35.30,2594205
2/28/2011,35.78,2742076
2/25/2011,35.28,1499778
2/24/2011,35.11,2936542
2/23/2011,35.38,2938235
2/22/2011,35.61,2534664
2/18/2011,35.76,3610949
2/17/2011,35.85,2450486
2/16/2011,35.77,2165420
2/15/2011,35.83,3131205
2/14/2011,35.52,1823586
2/11/2011,35.86,1890261
2/10/2011,35.61,2686900
2/9/2011,35.74,2759747
2/8/2011,35.83,3399378
2/7/2011,36.04,3161072
2/4/2011,35.62,2307880
2/3/2011,35.82,2939824
2/2/2011,35.69,2241482
2/1/2011,35.95,3287323
1/31/2011,35.68,3235974
1/28/2011,35.86,3900347
1/27/2011,36.69,3061984
1/26/2011,36.41,2304125
1/25/2011,36.66,2052655
1/24/2011,36.75,4856855
1/21/2011,36.44,2268600
1/20/2011,36.47,3076007
1/19/2011,35.95,2861621
1/18/2011,36.21,4054957
1/14/2011,35.45,4193051
1/13/2011,35.67,4346360
1/12/2011,35.95,2833371
1/11/2011,35.92,3502756
1/10/2011,35.76,2609427
1/7/2011,36.00,2727828
1/6/2011,36.14,3570428
1/5/2011,35.96,4131571
1/4/2011,36.51,3294415
1/3/2011,36.25,1881886
12/31/2010,35.98,1287223
12/30/2010,36.05,1356035
12/29/2010,36.12,1587947
12/28/2010,36.05,1368400
12/27/2010,35.88,1211265
12/23/2010,35.92,1803187
12/22/2010,35.96,2297081
12/21/2010,35.80,2062911
12/20/2010,35.96,2845687
12/17/2010,35.99,3770509
12/16/2010,36.05,2453095
12/15/2010,35.72,2459827
12/14/2010,36.08,2214383
12/13/2010,35.87,2337061
12/10/2010,35.64,2312179
12/9/2010,35.37,2643316
12/8/2010,35.08,4436094
12/7/2010,35.42,2906343
12/6/2010,35.80,2104890
12/3/2010,35.99,2551272
12/2/2010,36.08,4124829
12/1/2010,36.40,4062048
11/30/2010,35.60,3967818
11/29/2010,35.68,2511342
11/26/2010,35.85,1090766
11/24/2010,36.02,1859304
11/23/2010,35.68,2464192
11/22/2010,35.99,2031214
11/19/2010,35.75,2766180
11/18/2010,36.06,2164507
11/17/2010,35.72,3687795
11/16/2010,35.94,3303514
11/15/2010,36.43,2337258
11/12/2010,36.52,2767057
11/11/2010,36.54,2517370
11/10/2010,36.60,2308602
11/9/2010,36.90,2564285
11/8/2010,36.93,2725631
11/5/2010,37.70,3257113
11/4/2010,37.59,3770180
11/3/2010,37.55,3199302
11/2/2010,37.63,2515784
11/1/2010,37.28,2298849
10/29/2010,37.44,2675236
10/28/2010,37.21,3732742
10/27/2010,36.85,2988787
10/26/2010,36.66,2489266
10/25/2010,36.46,2774084
10/22/2010,36.70,4175051
10/21/2010,36.90,3258829
10/20/2010,36.82,3094638
10/19/2010,36.52,7544928
10/18/2010,36.33,3217292
10/15/2010,35.94,2553438
10/14/2010,35.79,2350440
10/13/2010,35.83,3192277
10/12/2010,35.86,4477978
10/11/2010,36.29,1452890
10/8/2010,36.19,2356755
10/7/2010,36.05,3093638
10/6/2010,36.26,1743686
10/5/2010,36.34,3964507
10/4/2010,36.20,2306928
10/1/2010,36.22,2417542
9/30/2010,36.23,3122208
9/29/2010,36.46,2424427
9/28/2010,36.72,2491857
9/27/2010,36.54,2012762
9/24/2010,36.50,3280780
9/23/2010,36.10,2046548
9/22/2010,36.43,2456264
9/21/2010,36.01,3426144
9/20/2010,36.34,2264931
9/17/2010,35.88,3398864
9/16/2010,36.00,2159221
9/15/2010,36.18,3507725
9/14/2010,36.42,2553184
9/13/2010,36.70,3946454
9/10/2010,36.63,5245557
9/9/2010,36.35,2001008
9/8/2010,36.08,2218340
9/7/2010,36.17,2783200
9/3/2010,36.12,2594364
9/2/2010,35.86,2743846
9/1/2010,36.11,3304591
8/31/2010,35.41,2958234
8/30/2010,35.17,2202382
8/27/2010,35.71,3141735
8/26/2010,35.20,2158033
8/25/2010,35.33,2887683
8/24/2010,35.41,3305915
8/23/2010,35.11,3964833
8/20/2010,34.82,2945905
8/19/2010,34.84,3481678
8/18/2010,35.22,5404230
8/17/2010,35.76,3245253
8/16/2010,35.73,2423456
8/13/2010,35.52,3158521
8/12/2010,35.35,2976653
8/11/2010,35.50,3067828
8/10/2010,36.27,3734500
8/9/2010,35.85,3955895
8/6/2010,35.98,4492231
8/5/2010,36.41,3865732
8/4/2010,35.99,4746629
8/3/2010,36.25,4489858
8/2/2010,36.27,4082383
7/30/2010,35.98,6137850
7/29/2010,36.10,5199288
7/28/2010,36.61,2689936
7/27/2010,36.63,4018515
7/26/2010,36.17,3139528
7/23/2010,35.80,4021574
7/22/2010,35.79,4019045
7/21/2010,35.26,4472325
7/20/2010,35.92,3949645
7/19/2010,35.38,3115671
7/16/2010,34.76,4396984
7/15/2010,35.28,3637267
7/14/2010,34.86,2837357
7/13/2010,34.77,4300827
7/12/2010,34.87,2823139
7/9/2010,34.84,3239386
7/8/2010,34.77,4213258
7/7/2010,34.37,7036640
7/6/2010,33.26,5619643
7/2/2010,32.39,3292556
7/1/2010,32.22,3940011
6/30/2010,32.30,5663508
6/29/2010,32.69,5414425
6/28/2010,33.31,3201621
6/25/2010,32.99,3537040
6/24/2010,32.72,4412397
6/23/2010,32.72,4152266
6/22/2010,33.30,3364863
6/21/2010,33.87,2455186
6/18/2010,34.06,3664171
6/17/2010,34.00,3137440
6/16/2010,33.68,3195911
6/15/2010,33.41,4921499
6/14/2010,32.41,2908538
6/11/2010,32.45,5313958
6/10/2010,32.68,5443323
6/9/2010,31.74,5480758
6/8/2010,31.72,5663156
6/7/2010,31.43,3940593
6/4/2010,31.12,3451065
6/3/2010,32.16,2591292
6/2/2010,31.85,2977342
6/1/2010,31.20,3436372
5/28/2010,31.96,3972655
5/27/2010,31.99,4105127
5/26/2010,31.02,4037366
5/25/2010,30.97,5701817
5/24/2010,31.19,2014482
5/21/2010,31.46,4499590
5/20/2010,31.34,4474549
5/19/2010,32.31,3744666
5/18/2010,32.60,3806821
5/17/2010,32.99,3300801
5/14/2010,33.00,4779258
5/13/2010,33.30,3039381
5/12/2010,33.58,4477684
5/11/2010,33.15,4950888
5/10/2010,33.14,5531493
5/7/2010,31.92,7693697
5/6/2010,32.18,8322020
5/5/2010,33.37,6647905
5/4/2010,33.61,8011457
5/3/2010,34.56,4730801
4/30/2010,34.30,5848176
4/29/2010,33.84,3689661
4/28/2010,33.52,4427499
4/27/2010,33.34,5724507
4/26/2010,33.76,4968011
4/23/2010,34.02,2673971
4/22/2010,33.98,2377752
4/21/2010,33.95,1834178
4/20/2010,33.95,2328225
4/19/2010,33.80,3768415
4/16/2010,33.73,4516680
4/15/2010,33.77,4216009
4/14/2010,33.90,3563185
4/13/2010,34.07,3368647
4/12/2010,34.08,3369018
4/9/2010,34.27,2303879
4/8/2010,33.96,2312781
4/7/2010,34.08,2924494
4/6/2010,34.30,5680119
4/5/2010,34.31,3779157
4/1/2010,34.49,2285546
3/31/2010,34.18,2536999
3/30/2010,34.42,3362462
3/29/2010,34.37,2519148
3/26/2010,34.09,2006959
3/25/2010,33.90,2297751
3/24/2010,33.99,2909773
3/23/2010,34.30,3014346
3/22/2010,34.08,2323225
3/19/2010,34.52,3938672
3/18/2010,34.76,2402884
3/17/2010,34.82,1890375
3/16/2010,34.77,2180978
3/15/2010,34.39,2211650
3/12/2010,34.10,2955489
3/11/2010,34.22,2909380
3/10/2010,34.15,2522249
3/9/2010,34.12,1659051
3/8/2010,34.18,1983759
3/5/2010,34.25,1971990
3/4/2010,33.91,2291116
3/3/2010,33.97,1923402
3/2/2010,34.12,2936701
3/1/2010,33.94,2964942
2/26/2010,33.62,2635107
2/25/2010,33.68,2476489
2/24/2010,33.91,3935199
2/23/2010,33.72,3124035
2/22/2010,33.65,2929770
2/19/2010,33.97,3854258
2/18/2010,33.52,3834743
2/17/2010,33.55,2133307
2/16/2010,33.70,3134176
2/12/2010,32.95,3188365
2/11/2010,33.08,3055501
2/10/2010,33.02,2619192
2/9/2010,33.20,3414755
2/8/2010,32.82,3219812
2/5/2010,33.64,4443945
2/4/2010,33.75,3442780
2/3/2010,34.70,5341060
2/2/2010,35.06,2912421
2/1/2010,34.60,5116947
1/29/2010,34.65,3931846
1/28/2010,35.06,3953812
1/27/2010,35.53,3908441
1/26/2010,35.61,3542603
1/25/2010,35.62,2515924
1/22/2010,35.42,4206270
1/21/2010,36.11,4413180
1/20/2010,36.52,4945509
1/19/2010,36.44,4263374
1/15/2010,36.01,4896043
1/14/2010,36.20,3117720
1/13/2010,36.06,2729733
1/12/2010,35.62,2834363
1/11/2010,35.98,3992856
